<application>
  <component name="libraryTable">
    <library name="Python 3.6 (.cpu) interpreter library">
      <CLASSES>
        <root url="file://$USER_HOME$/w/python-cuda/.cpu/lib/python3.6" />
        <root url="file://$USER_HOME$/w/python-cuda/.cpu/lib/python3.6/lib-dynload" />
        <root url="file:///usr/lib/python3.6" />
        <root url="file://$USER_HOME$/w/python-cuda/.cpu/lib/python3.6/site-packages" />
        <root url="file://$USER_HOME$/.IdeaIC2019.1/system/python_stubs/2079831337" />
        <root url="file://$APPLICATION_PLUGINS_DIR$/python-ce/helpers/python-skeletons" />
        <root url="file://$APPLICATION_PLUGINS_DIR$/python-ce/helpers/typeshed/stdlib/3" />
        <root url="file://$APPLICATION_PLUGINS_DIR$/python-ce/helpers/typeshed/stdlib/2and3" />
        <root url="file://$APPLICATION_PLUGINS_DIR$/python-ce/helpers/typeshed/third_party/3" />
        <root url="file://$APPLICATION_PLUGINS_DIR$/python-ce/helpers/typeshed/third_party/2and3" />
      </CLASSES>
      <JAVADOC />
      <SOURCES>
        <root url="file://$USER_HOME$/w/python-cuda/.cpu/lib/python3.6" />
        <root url="file://$USER_HOME$/w/python-cuda/.cpu/lib/python3.6/lib-dynload" />
        <root url="file:///usr/lib/python3.6" />
        <root url="file://$USER_HOME$/w/python-cuda/.cpu/lib/python3.6/site-packages" />
        <root url="file://$USER_HOME$/.IdeaIC2019.1/system/python_stubs/2079831337" />
        <root url="file://$APPLICATION_PLUGINS_DIR$/python-ce/helpers/python-skeletons" />
        <root url="file://$APPLICATION_PLUGINS_DIR$/python-ce/helpers/typeshed/stdlib/3" />
        <root url="file://$APPLICATION_PLUGINS_DIR$/python-ce/helpers/typeshed/stdlib/2and3" />
        <root url="file://$APPLICATION_PLUGINS_DIR$/python-ce/helpers/typeshed/third_party/3" />
        <root url="file://$APPLICATION_PLUGINS_DIR$/python-ce/helpers/typeshed/third_party/2and3" />
      </SOURCES>
    </library>
    <library name="Python 3.6 (gg) interpreter library">
      <CLASSES>
        <root url="file://$USER_HOME$/w/tf2/gg/lib/python3.6" />
        <root url="file://$USER_HOME$/w/tf2/gg/lib/python3.6/lib-dynload" />
        <root url="file:///usr/lib/python3.6" />
        <root url="file://$USER_HOME$/w/tf2/gg/lib/python3.6/site-packages" />
        <root url="file://$USER_HOME$/.IdeaIC2019.1/system/python_stubs/-1673270961" />
        <root url="file://$APPLICATION_PLUGINS_DIR$/python-ce/helpers/python-skeletons" />
        <root url="file://$APPLICATION_PLUGINS_DIR$/python-ce/helpers/typeshed/stdlib/3" />
        <root url="file://$APPLICATION_PLUGINS_DIR$/python-ce/helpers/typeshed/stdlib/2and3" />
        <root url="file://$APPLICATION_PLUGINS_DIR$/python-ce/helpers/typeshed/third_party/3" />
        <root url="file://$APPLICATION_PLUGINS_DIR$/python-ce/helpers/typeshed/third_party/2and3" />
      </CLASSES>
      <JAVADOC />
      <SOURCES>
        <root url="file://$USER_HOME$/w/tf2/gg/lib/python3.6" />
        <root url="file://$USER_HOME$/w/tf2/gg/lib/python3.6/lib-dynload" />
        <root url="file:///usr/lib/python3.6" />
        <root url="file://$USER_HOME$/w/tf2/gg/lib/python3.6/site-packages" />
        <root url="file://$USER_HOME$/.IdeaIC2019.1/system/python_stubs/-1673270961" />
        <root url="file://$APPLICATION_PLUGINS_DIR$/python-ce/helpers/python-skeletons" />
        <root url="file://$APPLICATION_PLUGINS_DIR$/python-ce/helpers/typeshed/stdlib/3" />
        <root url="file://$APPLICATION_PLUGINS_DIR$/python-ce/helpers/typeshed/stdlib/2and3" />
        <root url="file://$APPLICATION_PLUGINS_DIR$/python-ce/helpers/typeshed/third_party/3" />
        <root url="file://$APPLICATION_PLUGINS_DIR$/python-ce/helpers/typeshed/third_party/2and3" />
      </SOURCES>
    </library>
    <library name="Python 3.6 (old-gg) interpreter library">
      <CLASSES />
      <JAVADOC />
      <SOURCES />
    </library>
  </component>
</application>