<keymap version="1" name="XWin copy" parent="Default for XWin">
  <action id="CloseAllUnmodifiedEditors">
    <keyboard-shortcut first-keystroke="ctrl i" />
  </action>
  <action id="EditorDown">
    <keyboard-shortcut first-keystroke="down" />
    <keyboard-shortcut first-keystroke="windows" />
  </action>
  <action id="GuiDesigner.CreateListener" />
  <action id="GuiDesigner.QuickJavadoc">
    <mouse-shortcut keystroke="alt button2" />
  </action>
  <action id="MethodHierarchy.OverrideMethodAction" />
  <action id="OverrideMethods" />
  <action id="QuickJavaDoc">
    <mouse-shortcut keystroke="alt button2" />
  </action>
  <action id="RunAnything">
    <keyboard-shortcut first-keystroke="ctrl o" />
  </action>
</keymap>